,IPPort,Last Checked,Epoch
0,40.84.24.155:80,9 hours ago,1630387908
1,173.0.255.16:45554,7 hours ago,1630395108
2,199.19.95.247:1080,8 hours ago,1630391508
3,199.19.95.130:1080,9 hours ago,1630387908
5,216.39.173.51:9001,6 hours ago,1630398708
6,91.121.42.68:80,6 hours ago,1630398708
7,66.253.164.20:45554,8 hours ago,1630391508
8,69.36.65.214:1080,10 hours ago,1630384308
9,172.87.9.218:45554,8 hours ago,1630391508
10,173.0.254.238:45554,7 hours ago,1630395108
11,174.141.207.88:45554,8 hours ago,1630391508
12,162.219.230.119:45554,8 hours ago,1630391508
13,216.8.217.243:45554,9 hours ago,1630387908
15,216.171.17.119:45554,10 hours ago,1630384308
16,104.145.70.226:45554,10 hours ago,1630384308
17,54.202.219.193:80,10 hours ago,1630384308
18,207.177.47.42:45554,11 hours ago,1630380708
19,76.191.26.232:45554,8 hours ago,1630391508
20,216.171.16.123:45554,8 hours ago,1630391508
21,76.10.41.124:45554,9 hours ago,1630387908
22,75.103.143.93:45554,8 hours ago,1630391508
23,68.39.112.128:13479,6 hours ago,1630398708
24,173.245.150.34:45554,7 hours ago,1630395108
25,76.191.26.65:45554,7 hours ago,1630395108
26,76.10.43.164:45554,7 hours ago,1630395108
27,104.145.103.38:45554,10 hours ago,1630384308
28,24.219.71.59:45554,8 hours ago,1630391508
29,68.180.3.212:45554,6 hours ago,1630398708
30,178.213.145.24:8080,9 hours ago,1630387908
31,12.35.68.239:45554,10 hours ago,1630384308
32,122.3.41.154:8090,10 hours ago,1630384308
33,181.36.42.231:9090,12 hours ago,1630377108
34,194.163.132.232:3128,11 hours ago,1630380708
35,182.93.10.83:8090,13 hours ago,1630373508
37,64.124.38.139:8080,13 hours ago,1630373508
38,64.124.38.142:8080,14 hours ago,1630369908
39,190.109.0.229:999,15 hours ago,1630366308
40,190.145.202.26:999,9 hours ago,1630387908
41,130.88.20.203:3128,11 hours ago,1630380708
42,147.139.200.206:3128,14 hours ago,1630369908
43,186.95.134.149:9999,10 hours ago,1630384308
44,88.99.209.230:3128,14 hours ago,1630369908
45,13.125.221.249:3128,13 hours ago,1630373508
46,120.29.242.237:3128,15 hours ago,1630366308
47,94.23.166.104:3128,16 hours ago,1630362708
48,18.159.210.15:9300,10 hours ago,1630384308
49,158.69.52.218:9300,11 hours ago,1630380708
50,41.223.119.156:3128,14 hours ago,1630369908
51,14.63.228.239:80,15 hours ago,1630366308
52,194.233.69.90:443,15 hours ago,1630366308
53,54.174.136.94:3128,13 hours ago,1630373508
54,202.14.80.2:3128,10 hours ago,1630384308
55,34.116.71.54:3128,15 hours ago,1630366308
57,78.47.104.35:3128,12 hours ago,1630377108
58,51.81.82.175:2003,9 hours ago,1630387908
59,79.143.87.117:9090,13 hours ago,1630373508
60,110.238.116.69:12345,12 hours ago,1630377108
61,158.69.73.79:9300,10 hours ago,1630384308
62,83.229.8.9:3127,9 hours ago,1630387908
63,131.72.71.132:45005,14 hours ago,1630369908
64,179.233.225.70:3128,10 hours ago,1630384308
65,34.138.225.120:8888,15 hours ago,1630366308
66,209.45.4.163:999,14 hours ago,1630369908
67,167.250.180.122:999,13 hours ago,1630373508
68,51.195.76.214:3128,12 hours ago,1630377108
69,136.228.141.154:8080,11 hours ago,1630380708
70,110.78.152.16:8080,11 hours ago,1630380708
71,103.86.49.193:3128,16 hours ago,1630362708
72,51.79.50.31:9300,16 hours ago,1630362708
74,103.112.35.221:8080,13 hours ago,1630373508
75,204.199.110.202:999,12 hours ago,1630377108
76,188.166.162.1:3128,9 hours ago,1630387908
77,95.217.168.246:8888,16 hours ago,1630362708
78,190.110.99.222:999,9 hours ago,1630387908
79,101.53.158.48:9200,13 hours ago,1630373508
80,179.127.174.58:8080,15 hours ago,1630366308
81,157.90.103.246:3128,15 hours ago,1630366308
82,106.51.139.58:3127,8 hours ago,1630391508
83,193.107.238.224:3128,15 hours ago,1630366308
84,187.44.1.41:8080,10 hours ago,1630384308
85,213.142.148.161:8080,9 hours ago,1630387908
86,103.68.68.125:3128,9 hours ago,1630387908
87,52.205.44.116:8888,8 hours ago,1630391508
88,168.194.100.42:999,14 hours ago,1630369908
89,181.177.141.92:8090,10 hours ago,1630384308
90,217.79.181.109:443,15 hours ago,1630366308
91,103.68.207.34:81,15 hours ago,1630366308
92,177.53.242.142:3128,14 hours ago,1630369908
94,36.67.152.213:11111,15 hours ago,1630366308
95,163.172.221.209:443,15 hours ago,1630366308
96,190.82.91.203:999,9 hours ago,1630387908
97,103.1.184.238:3128,13 hours ago,1630373508
98,194.163.159.171:3128,15 hours ago,1630366308
99,113.11.16.212:7878,15 hours ago,1630366308
100,191.0.67.227:63238,12 hours ago,1630377108
101,103.106.78.194:80,12 hours ago,1630377108
102,51.79.249.246:80,12 hours ago,1630377108
103,187.130.139.197:8080,13 hours ago,1630373508
104,88.201.195.178:8080,16 hours ago,1630362708
105,139.59.233.24:3128,16 hours ago,1630362708
106,80.242.216.30:80,10 hours ago,1630384308
107,64.185.0.17:8080,14 hours ago,1630369908
108,165.22.105.218:3128,14 hours ago,1630369908
109,45.70.198.231:8080,10 hours ago,1630384308
111,159.89.131.73:3128,15 hours ago,1630366308
112,68.183.98.123:3128,13 hours ago,1630373508
113,188.173.39.232:3128,13 hours ago,1630373508
114,180.178.188.134:8080,15 hours ago,1630366308
115,36.95.142.26:8080,10 hours ago,1630384308
116,78.90.127.145:55443,16 hours ago,1630362708
117,162.55.106.185:3128,16 hours ago,1630362708
118,177.86.18.124:8080,8 hours ago,1630391508
119,103.227.116.194:8080,15 hours ago,1630366308
120,47.90.132.228:8800,8 hours ago,1630391508
121,1.186.34.68:80,10 hours ago,1630384308
122,138.117.84.134:999,12 hours ago,1630377108
123,191.252.194.87:80,10 hours ago,1630384308
124,190.104.233.233:999,12 hours ago,1630377108
125,190.60.32.66:999,11 hours ago,1630380708
126,45.225.93.44:999,12 hours ago,1630377108
127,103.20.188.5:8181,12 hours ago,1630377108
128,144.126.220.117:3128,16 hours ago,1630362708
129,209.126.13.170:3128,15 hours ago,1630366308
131,189.80.3.187:8080,13 hours ago,1630373508
132,194.233.69.126:443,14 hours ago,1630369908
133,136.233.51.83:3128,11 hours ago,1630380708
134,1.186.80.68:80,15 hours ago,1630366308
135,206.189.146.202:8080,14 hours ago,1630369908
136,188.133.152.139:1256,15 hours ago,1630366308
137,104.248.150.190:3128,14 hours ago,1630369908
138,186.28.229.210:999,15 hours ago,1630366308
139,182.48.255.4:80,16 hours ago,1630362708
140,31.199.12.150:80,15 hours ago,1630366308
141,201.182.250.36:18080,12 hours ago,1630377108
142,54.232.28.131:80,15 hours ago,1630366308
143,139.99.73.249:8080,12 hours ago,1630377108
144,190.113.40.205:999,8 hours ago,1630391508
145,47.252.31.217:1088,14 hours ago,1630369908
146,95.0.206.19:8080,10 hours ago,1630384308
148,45.70.201.179:999,14 hours ago,1630369908
149,203.81.87.186:10443,12 hours ago,1630377108
150,190.107.22.255:999,8 hours ago,1630391508
151,185.107.132.50:8080,16 hours ago,1630362708
152,177.129.240.134:55443,13 hours ago,1630373508
153,115.124.115.26:80,15 hours ago,1630366308
154,115.124.85.170:8080,12 hours ago,1630377108
155,36.92.196.141:8080,14 hours ago,1630369908
156,181.78.12.46:8080,13 hours ago,1630373508
157,202.5.122.35:8181,14 hours ago,1630369908
158,103.98.131.194:8081,16 hours ago,1630362708
159,176.214.98.246:8080,15 hours ago,1630366308
160,116.203.144.41:3128,16 hours ago,1630362708
161,190.7.142.106:999,10 hours ago,1630384308
162,51.79.101.5:3128,9 hours ago,1630387908
163,144.91.85.172:3128,14 hours ago,1630369908
164,103.35.134.30:83,9 hours ago,1630387908
165,103.58.117.235:80,13 hours ago,1630373508
166,195.4.185.229:8080,16 hours ago,1630362708
168,190.11.192.118:999,12 hours ago,1630377108
169,183.88.3.203:8080,13 hours ago,1630373508
170,103.61.68.41:83,10 hours ago,1630384308
171,85.125.135.195:8080,10 hours ago,1630384308
172,178.250.94.38:55443,13 hours ago,1630373508
173,161.117.176.79:6666,9 hours ago,1630387908
174,190.92.67.246:999,10 hours ago,1630384308
175,131.72.68.254:45005,16 hours ago,1630362708
176,187.190.115.139:9991,16 hours ago,1630362708
177,177.104.125.173:55443,8 hours ago,1630391508
178,34.211.63.49:80,13 hours ago,1630373508
179,181.13.14.8:8081,16 hours ago,1630362708
180,40.84.24.155:80,9 hours ago,1630387908
181,173.0.255.16:45554,7 hours ago,1630395108
182,199.19.95.247:1080,8 hours ago,1630391508
183,199.19.95.130:1080,9 hours ago,1630387908
185,216.39.173.51:9001,6 hours ago,1630398708
186,91.121.42.68:80,6 hours ago,1630398708
187,66.253.164.20:45554,8 hours ago,1630391508
188,69.36.65.214:1080,10 hours ago,1630384308
189,172.87.9.218:45554,8 hours ago,1630391508
190,173.0.254.238:45554,7 hours ago,1630395108
191,174.141.207.88:45554,8 hours ago,1630391508
192,162.219.230.119:45554,8 hours ago,1630391508
193,216.8.217.243:45554,9 hours ago,1630387909
195,216.171.17.119:45554,10 hours ago,1630384309
196,104.145.70.226:45554,10 hours ago,1630384309
197,54.202.219.193:80,10 hours ago,1630384309
198,207.177.47.42:45554,11 hours ago,1630380709
199,76.191.26.232:45554,8 hours ago,1630391509
200,216.171.16.123:45554,8 hours ago,1630391509
201,76.10.41.124:45554,9 hours ago,1630387909
202,75.103.143.93:45554,8 hours ago,1630391509
203,68.39.112.128:13479,6 hours ago,1630398709
204,173.245.150.34:45554,7 hours ago,1630395109
205,76.191.26.65:45554,7 hours ago,1630395109
206,76.10.43.164:45554,7 hours ago,1630395109
207,104.145.103.38:45554,10 hours ago,1630384309
208,24.219.71.59:45554,8 hours ago,1630391509
209,68.180.3.212:45554,6 hours ago,1630398709
210,178.213.145.24:8080,9 hours ago,1630387909
211,12.35.68.239:45554,10 hours ago,1630384309
212,161.97.127.234:3000,12 hours ago,1630377109
213,95.217.168.246:8888,16 hours ago,1630362709
214,31.199.12.150:80,15 hours ago,1630366309
215,181.129.161.43:999,10 hours ago,1630384309
217,181.129.248.123:999,15 hours ago,1630366309
218,188.166.162.1:3128,9 hours ago,1630387909
219,179.1.82.18:999,16 hours ago,1630362709
220,94.23.166.104:3128,16 hours ago,1630362709
221,186.28.229.210:999,15 hours ago,1630366309
222,51.75.35.222:3128,8 hours ago,1630391509
223,96.95.164.41:3128,14 hours ago,1630369909
224,201.20.105.198:8080,16 hours ago,1630362709
225,181.13.14.8:8081,16 hours ago,1630362709
226,168.194.100.42:999,14 hours ago,1630369909
227,181.78.12.46:8080,13 hours ago,1630373509
228,195.4.185.229:8080,16 hours ago,1630362709
229,93.86.63.252:8081,15 hours ago,1630366309
230,135.181.36.26:8076,14 hours ago,1630369909
231,170.84.50.218:8080,8 hours ago,1630391509
232,185.236.189.99:8080,9 hours ago,1630387909
233,181.177.141.92:8090,10 hours ago,1630384309
234,83.239.227.246:8080,16 hours ago,1630362709
235,179.43.94.236:999,13 hours ago,1630373509
237,201.149.102.182:8085,12 hours ago,1630377109
238,177.33.216.231:3129,10 hours ago,1630384309
239,90.75.160.129:9999,11 hours ago,1630380709
240,186.148.163.20:999,14 hours ago,1630369909
241,131.72.68.230:45005,12 hours ago,1630377109
242,91.90.180.185:8080,13 hours ago,1630373509
243,144.91.86.144:3128,12 hours ago,1630377109
244,177.53.242.142:3128,14 hours ago,1630369909
245,51.79.50.31:9300,16 hours ago,1630362709
246,179.51.204.19:999,11 hours ago,1630380709
247,109.167.141.137:8080,12 hours ago,1630377109
248,54.93.108.168:9300,15 hours ago,1630366309
249,181.129.43.3:8080,12 hours ago,1630377109
250,177.36.151.93:8080,14 hours ago,1630369909
251,54.233.169.66:3128,16 hours ago,1630362709
252,82.114.105.49:1256,15 hours ago,1630366309
254,212.42.62.69:8080,10 hours ago,1630384309
255,83.229.8.9:3127,9 hours ago,1630387909
256,190.85.183.178:8080,11 hours ago,1630380709
257,172.107.227.2:443,14 hours ago,1630369909
258,34.64.244.254:3128,9 hours ago,1630387909
259,173.68.59.131:3128,9 hours ago,1630387909
260,80.152.180.204:8080,13 hours ago,1630373509
261,94.23.173.160:3128,11 hours ago,1630380709
262,181.209.99.222:999,14 hours ago,1630369909
263,95.47.119.247:8080,11 hours ago,1630380709
264,47.243.41.241:3128,13 hours ago,1630373509
265,190.107.22.255:999,8 hours ago,1630391509
266,139.59.225.27:3128,8 hours ago,1630391509
267,47.242.230.213:12345,16 hours ago,1630362709
268,78.47.104.35:3128,12 hours ago,1630377109
269,190.57.245.250:8080,12 hours ago,1630377109
270,41.222.209.12:808,10 hours ago,1630384309
271,180.211.248.222:8080,16 hours ago,1630362709
272,190.109.169.41:53281,13 hours ago,1630373509
274,41.222.209.9:808,14 hours ago,1630369909
275,131.72.68.254:45005,16 hours ago,1630362709
276,217.79.181.109:443,15 hours ago,1630366309
277,181.115.67.3:999,11 hours ago,1630380709
278,36.94.224.201:8080,15 hours ago,1630366309
279,202.169.252.212:8181,15 hours ago,1630366309
280,189.150.19.49:999,16 hours ago,1630362709
281,61.219.53.23:8080,12 hours ago,1630377109
282,45.225.93.44:999,12 hours ago,1630377109
283,61.14.228.126:8080,14 hours ago,1630369909
284,43.132.204.105:808,9 hours ago,1630387909
285,201.182.250.36:18080,12 hours ago,1630377109
286,143.0.64.123:8080,13 hours ago,1630373509
287,139.99.73.249:8080,12 hours ago,1630377109
288,05.10.27.146:3128,8 hours ago,1630391509
289,139.99.99.165:3128,12 hours ago,1630377109
291,172.107.159.203:443,16 hours ago,1630362709
292,190.113.40.205:999,8 hours ago,1630391509
293,103.19.130.50:8080,8 hours ago,1630391509
294,103.216.207.15:8080,11 hours ago,1630380709
295,221.155.163.113:8080,15 hours ago,1630366309
296,139.99.74.79:8080,8 hours ago,1630391509
297,103.61.68.41:83,10 hours ago,1630384309
298,103.242.134.89:3128,8 hours ago,1630391509
299,190.2.209.61:8080,16 hours ago,1630362709
300,195.42.155.183:8888,16 hours ago,1630362709
301,88.205.232.66:8080,16 hours ago,1630362709
302,180.183.116.175:8080,15 hours ago,1630366309
303,61.85.178.168:3128,11 hours ago,1630380709
304,103.59.176.154:8080,12 hours ago,1630377109
305,176.214.98.246:8080,15 hours ago,1630366309
306,187.92.71.154:53281,12 hours ago,1630377109
307,194.233.69.90:443,15 hours ago,1630366309
308,190.145.202.26:999,9 hours ago,1630387909
309,59.120.147.82:3128,14 hours ago,1630369909
311,109.86.219.179:53438,15 hours ago,1630366309
312,51.255.145.193:3128,12 hours ago,1630377109
313,167.71.198.70:8118,14 hours ago,1630369909
314,175.101.31.163:83,15 hours ago,1630366309
315,183.89.42.201:8080,15 hours ago,1630366309
316,18.140.229.85:8080,15 hours ago,1630366309
317,202.29.237.213:3128,15 hours ago,1630366309
318,203.135.25.179:8080,16 hours ago,1630362709
319,45.70.198.231:8080,10 hours ago,1630384309
320,34.138.225.120:8888,15 hours ago,1630366309
321,116.251.216.95:80,12 hours ago,1630377109
322,41.204.87.90:8080,15 hours ago,1630366309
323,183.89.171.58:8080,15 hours ago,1630366309
324,51.79.249.246:80,12 hours ago,1630377109
325,66.42.51.41:3128,16 hours ago,1630362709
326,139.180.129.150:3128,13 hours ago,1630373509
328,38.123.68.152:999,15 hours ago,1630366309
329,45.230.169.9:999,12 hours ago,1630377109
330,51.79.144.52:8000,8 hours ago,1630391509
331,85.173.165.36:46330,12 hours ago,1630377109
332,1.186.34.68:80,10 hours ago,1630384309
333,179.180.152.20:20183,16 hours ago,1630362709
334,190.93.220.40:8080,16 hours ago,1630362709
335,139.255.123.4:8080,8 hours ago,1630391509
336,181.225.70.13:999,10 hours ago,1630384309
337,162.55.182.109:80,8 hours ago,1630391509
338,118.99.124.172:8080,16 hours ago,1630362709
339,96.9.88.156:8080,16 hours ago,1630362709
340,213.209.125.212:3129,13 hours ago,1630373509
341,190.110.99.222:999,9 hours ago,1630387909
342,103.65.238.225:8080,12 hours ago,1630377109
343,136.228.141.154:8080,11 hours ago,1630380709
344,184.188.57.190:80,10 hours ago,1630384309
345,222.252.156.61:62694,9 hours ago,1630387909
346,103.78.213.226:45163,13 hours ago,1630373509
348,187.49.84.163:9999,9 hours ago,1630387909
349,181.209.97.76:999,13 hours ago,1630373509
350,13.125.221.249:3128,13 hours ago,1630373509
351,179.127.174.58:8080,15 hours ago,1630366309
352,14.207.20.112:8080,15 hours ago,1630366309
353,103.78.25.99:3128,16 hours ago,1630362709
354,187.44.1.41:8080,10 hours ago,1630384309
355,194.163.132.232:3128,11 hours ago,1630380709
356,101.53.158.48:9200,13 hours ago,1630373509
357,103.217.179.185:3128,8 hours ago,1630391509
358,64.185.0.17:8080,14 hours ago,1630369909
359,51.255.159.233:3128,12 hours ago,1630377109
360,40.84.24.155:80,9 hours ago,1630387909
361,173.0.255.16:45554,7 hours ago,1630395109
362,199.19.95.247:1080,8 hours ago,1630391509
363,199.19.95.130:1080,9 hours ago,1630387909
365,216.39.173.51:9001,6 hours ago,1630398709
366,91.121.42.68:80,6 hours ago,1630398709
367,66.253.164.20:45554,8 hours ago,1630391509
368,69.36.65.214:1080,10 hours ago,1630384309
369,172.87.9.218:45554,8 hours ago,1630391509
370,173.0.254.238:45554,7 hours ago,1630395109
371,174.141.207.88:45554,8 hours ago,1630391509
372,162.219.230.119:45554,8 hours ago,1630391509
373,216.8.217.243:45554,9 hours ago,1630387909
375,216.171.17.119:45554,10 hours ago,1630384309
376,104.145.70.226:45554,10 hours ago,1630384309
377,54.202.219.193:80,10 hours ago,1630384309
378,207.177.47.42:45554,11 hours ago,1630380709
379,76.191.26.232:45554,8 hours ago,1630391509
380,216.171.16.123:45554,8 hours ago,1630391509
381,76.10.41.124:45554,9 hours ago,1630387909
382,75.103.143.93:45554,8 hours ago,1630391509
383,68.39.112.128:13479,6 hours ago,1630398709
384,173.245.150.34:45554,7 hours ago,1630395109
385,76.191.26.65:45554,7 hours ago,1630395109
386,76.10.43.164:45554,7 hours ago,1630395109
387,104.145.103.38:45554,10 hours ago,1630384309
388,24.219.71.59:45554,8 hours ago,1630391509
389,68.180.3.212:45554,6 hours ago,1630398709
390,178.213.145.24:8080,9 hours ago,1630387909
391,12.35.68.239:45554,10 hours ago,1630384309
392,181.129.161.43:999,10 hours ago,1630384309
393,83.229.8.9:3127,9 hours ago,1630387909
394,212.42.62.69:8080,10 hours ago,1630384309
395,181.129.248.123:999,15 hours ago,1630366309
397,204.199.102.235:999,9 hours ago,1630387909
398,158.69.52.218:9300,11 hours ago,1630380709
399,94.23.173.160:3128,11 hours ago,1630380709
400,84.224.187.198:8080,15 hours ago,1630366309
401,168.194.100.42:999,14 hours ago,1630369909
402,186.97.201.91:999,15 hours ago,1630366309
403,64.185.0.17:8080,14 hours ago,1630369909
404,93.86.63.252:8081,15 hours ago,1630366309
405,158.177.253.24:80,13 hours ago,1630373509
406,38.123.68.152:999,15 hours ago,1630366309
407,201.20.105.198:8080,16 hours ago,1630362709
408,179.1.82.18:999,16 hours ago,1630362709
409,105.112.191.250:3128,11 hours ago,1630380709
410,190.60.32.66:999,11 hours ago,1630380709
411,179.43.94.236:999,13 hours ago,1630373509
412,130.88.20.203:3128,11 hours ago,1630380709
413,95.216.49.153:8888,8 hours ago,1630391509
414,91.90.180.185:8080,13 hours ago,1630373509
415,190.8.41.18:999,11 hours ago,1630380709
417,64.251.80.197:80,16 hours ago,1630362709
418,51.210.125.74:8081,15 hours ago,1630366309
419,195.4.185.229:8080,16 hours ago,1630362709
420,18.230.101.196:80,13 hours ago,1630373509
421,61.85.178.168:3128,11 hours ago,1630380709
422,61.219.53.23:8080,12 hours ago,1630377109
423,47.243.41.241:3128,13 hours ago,1630373509
424,186.148.163.20:999,14 hours ago,1630369909
425,179.49.161.211:999,14 hours ago,1630369909
426,200.29.111.215:999,12 hours ago,1630377109
427,131.72.68.230:45005,12 hours ago,1630377109
428,5.196.222.184:3128,14 hours ago,1630369909
429,177.53.242.142:3128,14 hours ago,1630369909
430,172.107.159.203:443,16 hours ago,1630362709
431,186.28.229.210:999,15 hours ago,1630366309
432,13.126.84.235:8000,16 hours ago,1630362709
434,209.45.4.163:999,14 hours ago,1630369909
435,177.33.216.231:3129,10 hours ago,1630384309
436,78.159.157.89:8080,15 hours ago,1630366309
437,66.42.51.41:3128,16 hours ago,1630362709
438,190.113.40.205:999,8 hours ago,1630391509
439,194.233.69.90:443,15 hours ago,1630366309
440,170.84.50.218:8080,8 hours ago,1630391509
441,131.72.71.132:45005,14 hours ago,1630369909
442,5.130.90.3:8080,15 hours ago,1630366309
443,201.149.102.182:8085,12 hours ago,1630377109
444,221.155.163.113:8080,15 hours ago,1630366309
445,139.180.129.150:3128,13 hours ago,1630373509
446,190.57.245.250:8080,12 hours ago,1630377109
447,181.13.14.8:8081,16 hours ago,1630362709
448,43.132.204.105:808,9 hours ago,1630387909
449,186.67.194.154:999,14 hours ago,1630369909
450,179.51.204.19:999,11 hours ago,1630380709
451,200.111.22.66:999,16 hours ago,1630362709
452,201.182.250.36:18080,12 hours ago,1630377109
454,45.229.32.190:999,13 hours ago,1630373509
455,18.138.49.42:443,12 hours ago,1630377109
456,181.112.164.138:999,16 hours ago,1630362709
457,190.107.31.101:999,16 hours ago,1630362709
458,131.72.68.254:45005,16 hours ago,1630362709
459,172.107.159.202:443,15 hours ago,1630366309
460,34.138.225.120:8888,15 hours ago,1630366309
461,139.59.225.27:3128,8 hours ago,1630391509
462,185.236.189.99:8080,9 hours ago,1630387909
463,195.250.254.18:8080,15 hours ago,1630366309
464,131.72.68.33:45005,15 hours ago,1630366309
465,188.166.162.1:3128,9 hours ago,1630387909
466,217.79.181.109:443,15 hours ago,1630366309
467,198.20.116.74:8080,10 hours ago,1630384309
468,34.95.191.125:80,11 hours ago,1630380709
469,182.48.255.4:80,16 hours ago,1630362709
471,45.229.33.76:999,10 hours ago,1630384309
472,177.36.151.93:8080,14 hours ago,1630369909
473,131.161.131.1:45005,13 hours ago,1630373509
474,165.22.105.218:3128,14 hours ago,1630369909
475,140.227.63.136:58888,15 hours ago,1630366309
476,190.108.87.244:999,14 hours ago,1630369909
477,140.227.118.184:6000,11 hours ago,1630380709
478,138.118.116.235:8080,15 hours ago,1630366309
479,140.227.66.105:58888,12 hours ago,1630377109
480,34.146.89.86:3128,14 hours ago,1630369909
481,82.114.105.49:1256,15 hours ago,1630366309
482,34.64.244.254:3128,9 hours ago,1630387909
483,200.68.128.249:3128,15 hours ago,1630366309
484,85.117.56.85:8080,15 hours ago,1630366309
485,200.124.29.19:8080,10 hours ago,1630384309
486,139.99.74.79:8080,8 hours ago,1630391509
487,181.78.11.219:999,14 hours ago,1630369909
488,54.38.63.140:3128,8 hours ago,1630391509
489,194.163.159.171:3128,15 hours ago,1630366309
491,190.110.99.222:999,9 hours ago,1630387909
492,45.70.201.179:999,14 hours ago,1630369909
493,144.91.86.144:3128,12 hours ago,1630377109
494,36.95.84.165:8080,13 hours ago,1630373509
495,20.82.200.229:3128,15 hours ago,1630366309
496,103.61.68.41:83,10 hours ago,1630384309
497,88.255.102.102:8080,16 hours ago,1630362709
498,109.86.182.203:3128,12 hours ago,1630377109
499,1.186.34.68:80,10 hours ago,1630384309
500,202.93.229.195:3128,16 hours ago,1630362709
501,95.0.206.19:8080,10 hours ago,1630384309
502,180.183.72.195:8081,16 hours ago,1630362709
503,45.125.239.150:3128,10 hours ago,1630384309
504,200.136.74.234:8080,16 hours ago,1630362709
505,117.102.87.66:8080,16 hours ago,1630362709
506,88.205.232.66:8080,16 hours ago,1630362709
508,82.137.244.244:80,12 hours ago,1630377109
509,173.68.59.131:3128,9 hours ago,1630387909
510,182.48.253.134:80,13 hours ago,1630373509
511,157.90.103.34:8080,10 hours ago,1630384309
512,78.47.104.35:3128,12 hours ago,1630377109
513,103.20.188.5:8181,12 hours ago,1630377109
514,183.89.42.201:8080,15 hours ago,1630366309
515,217.196.20.150:8080,15 hours ago,1630366309
516,20.206.99.104:3128,8 hours ago,1630391509
517,181.177.141.92:8090,10 hours ago,1630384309
518,189.150.19.49:999,16 hours ago,1630362709
519,190.217.7.65:999,13 hours ago,1630373509
520,96.9.88.156:8080,16 hours ago,1630362709
521,103.106.78.194:80,12 hours ago,1630377109
522,36.92.88.106:8080,14 hours ago,1630369909
523,182.253.94.230:8080,10 hours ago,1630384309
524,190.104.233.233:999,12 hours ago,1630377109
525,116.202.165.119:3128,8 hours ago,1630391509
526,20.76.198.244:3128,11 hours ago,1630380709
528,91.207.147.243:38472,15 hours ago,1630366309
529,14.207.20.112:8080,15 hours ago,1630366309
530,118.99.124.172:8080,16 hours ago,1630362709
531,103.231.160.74:8080,15 hours ago,1630366309
532,103.28.148.203:8080,14 hours ago,1630369909
533,179.127.174.58:8080,15 hours ago,1630366309
534,103.65.238.225:8080,12 hours ago,1630377109
535,195.201.61.51:8000,10 hours ago,1630384309
536,51.91.56.88:3128,13 hours ago,1630373509
537,103.216.207.15:8080,11 hours ago,1630380709
538,168.196.211.10:55443,13 hours ago,1630373509
539,61.14.228.126:8080,14 hours ago,1630369909
